"Time (s)","Thrust (N)"
0.00223714,217.239
0.00671141,399.995
0.0201342,220.687
0.914989,72.4129
0.955257,37.9306
1.15,0
